LR,MLP,SVM,DT,Proposed Model
0.5714285714285714,0.5714285714285714,0.5714285714285714,0.5714285714285714,1.0
0.8571428571428571,0.8571428571428571,0.8571428571428571,0.7142857142857143,1.0
0.8571428571428571,0.8571428571428571,0.8571428571428571,0.7142857142857143,1.0
0.8571428571428571,0.875,0.8571428571428571,0.8571428571428571,1.0
1.0,1.0,0.875,0.8571428571428571,1.0
1.0,1.0,0.875,0.8571428571428571,1.0
1.0,1.0,1.0,0.875,1.0
1.0,1.0,1.0,0.875,1.0
1.0,1.0,1.0,1.0,0.9
1.0,1.0,1.0,1.0,0.8
