LR,MLP,SVM,DT,Proposed Model
0.75,0.6875,0.6875,0.9375,1.0
0.9375,0.6875,0.6875,1.0,1.0
1.0,0.6875,0.75,1.0,1.0
1.0,0.7333333333333333,0.75,1.0,1.0
1.0,0.7333333333333333,0.8,1.0,1.0
1.0,0.75,0.8125,1.0,1.0
1.0,0.75,0.8125,1.0,1.0
1.0,0.75,0.8125,1.0,1.0
1.0,0.75,0.875,1.0,1.0
1.0,0.75,0.9333333333333333,1.0,0.9565217391304348
